{"batch_dice_loss": 0.0037131905555725098, "batch_bce_loss": -0.0860438272356987, "total_loss": -0.08233063668012619, "_timestamp": 1718560335.357683, "_runtime": 138.748920917511, "_step": 0, "_wandb": {"runtime": 356}}