{"batch_dice_loss": -0.004209160804748535, "batch_bce_loss": -0.6190704703330994, "total_loss": -0.6232796311378479, "_timestamp": 1718561765.393738, "_runtime": 370.21302914619446, "_step": 0}